model,macro_f1,balanced_acc
svm_linear,0.5682539682539682,0.5555555555555555
logreg,0.41269841269841273,0.4444444444444444
rf,0.3,0.3333333333333333
